Link,Driver,Rarity,Level,Overtaking,Defending,Qualifying ,Race Start,Tyre Mgmt,Total,Series,Cards Required,Total Cards,Upgrade Cost,Total Cost,Legacy Points,Total Legacy Points
AlbonCommon1,Albon,Common,1,8,13,23,18,3,65,3,0,0,0,0,,
AlbonCommon2,Albon,Common,2,11,16,26,21,6,80,3,4,4,22.000,22.000,,
AlbonCommon3,Albon,Common,3,14,19,29,24,9,95,3,10,14,45.000,67.000,,
AlbonCommon4,Albon,Common,4,16,21,31,26,11,105,3,20,34,135.000,202.000,,
AlbonCommon5,Albon,Common,5,19,24,34,29,14,120,3,50,84,450.000,652.000,,
AlbonCommon6,Albon,Common,6,22,27,37,32,17,135,3,100,184,1.350.000,2.002.000,,
AlbonCommon7,Albon,Common,7,24,29,39,34,19,145,3,200,384,2.800.000,4.802.000,,
AlbonCommon8,Albon,Common,8,27,32,42,37,22,160,3,400,784,5.250.000,10.052.000,,
AlbonCommon9,Albon,Common,9,30,35,45,40,25,175,3,1000,1784,7.700.000,17.752.000,,
AlbonCommon10,Albon,Common,10,32,37,47,42,27,185,3,2000,3784,10.150.000,27.902.000,,
AlbonCommon11,Albon,Common,11,35,40,50,45,30,200,3,4000,7784,12.600.000,40.502.000,,
AlbonRare1,Albon,Rare,1,26,31,41,36,21,155,7,0,0,0,0,,
AlbonRare2,Albon,Rare,2,29,34,44,39,24,170,7,4,4,1.950.000,1.950.000,,
AlbonRare3,Albon,Rare,3,33,38,48,43,28,190,7,10,14,3.850.000,5.800.000,,
AlbonRare4,Albon,Rare,4,36,41,51,46,31,205,7,20,34,5.800.000,11.600.000,,
AlbonRare5,Albon,Rare,5,40,45,55,50,35,225,7,50,84,7.700.000,19.300.000,,
AlbonRare6,Albon,Rare,6,43,48,58,53,38,240,7,100,184,15.750.000,35.050.000,,
AlbonRare7,Albon,Rare,7,46,51,61,56,41,255,7,200,384,28.000.000,63.050.000,,
AlbonRare8,Albon,Rare,8,50,55,65,60,45,275,7,400,784,51.750.000,114.800.000,,
AlbonRare9,Albon,Rare,9,53,58,68,63,48,290,7,1000,1784,75.500.000,190.300.000,,
AlbonEpic1,Albon,Epic,1,53,58,68,63,48,290,11,0,0,0,0,,
AlbonEpic2,Albon,Epic,2,57,62,72,67,52,310,11,4,4,54.000.000,54.000.000,,
AlbonEpic3,Albon,Epic,3,60,65,75,70,55,325,11,10,14,107.000.000,161.000.000,,
AlbonEpic4,Albon,Epic,4,64,69,79,74,59,345,11,20,34,161.000.000,322.000.000,,
AlbonEpic5,Albon,Epic,5,68,73,83,78,63,365,11,50,84,215.000.000,537.000.000,,
AlbonEpic6,Albon,Epic,6,72,77,87,82,67,385,11,100,184,406.000.000,943.000.000,,
AlbonEpic7,Albon,Epic,7,76,81,91,86,71,405,11,200,384,487.000.000,1.430.000.000,,
AlbonEpic8,Albon,Epic,8,80,85,95,90,75,425,11,400,784,568.000.000,1.998.000.000,,
AlonsoCommon1,Alonso,Common,1,27,12,22,17,32,110,5,0,0,0,0,,
AlonsoCommon2,Alonso,Common,2,30,15,25,20,35,125,5,4,4,220.000,220.000,,
AlonsoCommon3,Alonso,Common,3,33,18,28,23,38,140,5,10,14,445.000,665.000,,
AlonsoCommon4,Alonso,Common,4,35,20,30,25,40,150,5,20,34,665.000,1.330.000,,
AlonsoCommon5,Alonso,Common,5,8,23,33,28,43,135,5,50,84,2.250.000,3.580.000,,
AlonsoCommon6,Alonso,Common,6,41,26,36,31,46,180,5,100,184,4.750.000,8.330.000,,
AlonsoCommon7,Alonso,Common,7,43,28,38,33,48,190,5,200,384,13.750.000,22.080.000,,
AlonsoCommon8,Alonso,Common,8,46,31,41,36,51,205,5,400,784,25.500.000,47.580.000,,
AlonsoCommon9,Alonso,Common,9,49,34,44,39,54,220,5,1000,1784,37.250.000,84.830.000,,
AlonsoCommon10,Alonso,Common,10,51,36,46,41,56,230,5,2000,3784,49.000.000,133.830.000,,
AlonsoCommon11,Alonso,Common,11,54,39,49,44,59,245,5,4000,7784,60.750.000,194.580.000,,
AlonsoRare1,Alonso,Rare,1,45,30,40,35,50,200,9,0,0,0,0,,
AlonsoRare2,Alonso,Rare,2,48,33,43,38,53,215,9,4,4,9.500.000,9.500.000,,
AlonsoRare3,Alonso,Rare,3,52,37,47,42,57,235,9,10,14,19.000.000,28.500.000,,
AlonsoRare4,Alonso,Rare,4,55,40,50,45,60,250,9,20,34,45.000.000,73.500.000,,
AlonsoRare5,Alonso,Rare,5,58,43,53,48,63,265,9,50,84,105.000.000,178.500.000,,
AlonsoRare6,Alonso,Rare,6,62,47,57,52,67,285,9,100,184,199.000.000,377.500.000,,
AlonsoRare7,Alonso,Rare,7,65,50,60,55,70,300,9,200,384,239.000.000,616.500.000,,
AlonsoRare8,Alonso,Rare,8,68,53,63,58,73,315,9,400,784,278.000.000,894.500.000,,
AlonsoRare9,Alonso,Rare,9,72,57,67,62,77,335,9,1000,1784,317.000.000,1.211.500.000,,
AlonsoEpic1,Alonso,Epic,1,67,52,62,57,72,310,12,0,0,0,0,,
AlonsoEpic2,Alonso,Epic,2,71,56,66,61,76,330,12,4,4,116.000.000,116.000.000,,
AlonsoEpic3,Alonso,Epic,3,75,60,70,65,80,350,12,10,14,232.000.000,348.000.000,,
AlonsoEpic4,Alonso,Epic,4,79,64,74,69,84,370,12,20,34,348.000.000,696.000.000,,
AlonsoEpic5,Alonso,Epic,5,83,68,78,73,88,390,12,50,84,464.000.000,1.160.000.000,,
AlonsoEpic6,Alonso,Epic,6,86,71,81,76,91,405,12,100,184,580.000.000,1.740.000.000,,
AlonsoEpic7,Alonso,Epic,7,90,75,85,80,95,425,12,200,384,696.000.000,2.436.000.000,,
AlonsoEpic8,Alonso,Epic,8,94,79,89,84,99,445,12,400,784,812.000.000,3.248.000.000,,
BottasCommon1,Bottas,Common,1,13,17,5,1,9,45,2,0,0,0,0,,
BottasCommon2,Bottas,Common,2,16,20,7,3,12,58,2,4,4,6.000,6.000,,
BottasCommon3,Bottas,Common,3,18,23,10,6,14,71,2,10,14,30.000,36.000,,
BottasCommon4,Bottas,Common,4,21,26,13,8,17,85,2,20,34,95.000,131.000,,
BottasCommon5,Bottas,Common,5,24,28,15,11,20,98,2,50,84,300.000,431.000,,
BottasCommon6,Bottas,Common,6,27,31,18,13,22,111,2,100,184,950.000,1.381.000,,
BottasCommon7,Bottas,Common,7,30,34,20,16,25,125,2,200,384,1.900.000,3.281.000,,
BottasCommon8,Bottas,Common,8,32,37,23,18,28,138,2,400,784,3.750.000,7.031.000,,
BottasCommon9,Bottas,Common,9,35,40,25,21,30,151,2,1000,1784,5.600.000,12.631.000,,
BottasCommon10,Bottas,Common,10,38,43,28,23,33,165,2,2000,3784,7.450.000,20.081.000,,
BottasCommon11,Bottas,Common,11,41,46,31,26,36,180,2,4000,7784,9.300.000,29.381.000,,
BottasRare1,Bottas,Rare,1,14,17,5,1,9,46,1,0,0,0,0,,
BottasRare2,Bottas,Rare,2,17,20,8,4,12,61,1,4,4,2.000,2.000,,
BottasRare3,Bottas,Rare,3,21,24,11,7,16,79,1,10,14,8.000,10.000,,
BottasRare4,Bottas,Rare,4,24,28,15,10,19,96,1,20,34,35.000,45.000,,
BottasRare5,Bottas,Rare,5,27,31,18,13,22,111,1,50,84,90.000,135.000,,
BottasRare6,Bottas,Rare,6,31,35,21,16,26,129,1,100,184,275.000,410.000,,
BottasRare7,Bottas,Rare,7,34,38,24,19,29,144,1,200,384,800.000,1.210.000,,
BottasRare8,Bottas,Rare,8,37,42,27,23,32,161,1,400,784,1.600.000,2.810.000,,
BottasRare9,Bottas,Rare,9,41,46,31,26,36,180,1,1000,1784,2.400.000,5.210.000,,
BottasEpic1,Bottas,Epic,1,54,59,44,39,49,245,8,0,0,0,0,,
BottasEpic2,Bottas,Epic,2,58,63,48,43,53,265,8,4,4,4.500.000,4.500.000,,
BottasEpic3,Bottas,Epic,3,62,67,52,47,57,285,8,10,14,9.000.000,13.500.000,,
BottasEpic4,Bottas,Epic,4,65,70,55,50,60,300,8,20,34,20.000.000,33.500.000,,
BottasEpic5,Bottas,Epic,5,69,74,59,54,64,320,8,50,84,42.250.000,75.750.000,,
BottasEpic6,Bottas,Epic,6,73,78,63,58,68,340,8,100,184,139.250.000,215.000.000,,
BottasEpic7,Bottas,Epic,7,77,82,67,62,72,360,8,200,384,167.000.000,382.000.000,,
BottasEpic8,Bottas,Epic,8,81,86,71,66,76,380,8,400,784,195.000.000,577.000.000,,
GaslyCommon1,Gasly,Common,1,18,3,13,23,8,65,3,0,0,0,0,,
GaslyCommon2,Gasly,Common,2,21,6,16,26,11,80,3,4,4,22.000,22.000,,
GaslyCommon3,Gasly,Common,3,24,9,19,29,14,95,3,10,14,45.000,67.000,,
GaslyCommon4,Gasly,Common,4,26,11,21,31,16,105,3,20,34,135.000,202.000,,
GaslyCommon5,Gasly,Common,5,29,14,24,34,19,120,3,50,84,450.000,652.000,,
GaslyCommon6,Gasly,Common,6,32,17,27,37,22,135,3,100,184,1.350.000,2.002.000,,
GaslyCommon7,Gasly,Common,7,34,19,29,39,24,145,3,200,384,2.800.000,4.802.000,,
GaslyCommon8,Gasly,Common,8,37,22,32,42,27,160,3,400,784,5.250.000,10.052.000,,
GaslyCommon9,Gasly,Common,9,40,25,35,45,30,175,3,1000,1784,7.700.000,17.752.000,,
GaslyCommon10,Gasly,Common,10,42,27,37,47,32,185,3,2000,3784,10.150.000,27.902.000,,
GaslyCommon11,Gasly,Common,11,45,30,40,50,35,200,3,4000,7784,12.600.000,40.502.000,,
GaslyRare1,Gasly,Rare,1,36,21,31,41,26,155,7,0,0,0,0,,
GaslyRare2,Gasly,Rare,2,39,24,34,44,29,170,7,4,4,1.950.000,1.950.000,,
GaslyRare3,Gasly,Rare,3,43,28,38,48,33,190,7,10,14,3.850.000,5.800.000,,
GaslyRare4,Gasly,Rare,4,46,31,41,51,36,205,7,20,34,5.800.000,11.600.000,,
GaslyRare5,Gasly,Rare,5,50,35,45,55,40,225,7,50,84,7.700.000,19.300.000,,
GaslyRare6,Gasly,Rare,6,53,38,48,58,43,240,7,100,184,15.750.000,35.050.000,,
GaslyRare7,Gasly,Rare,7,56,41,51,61,46,255,7,200,384,28.000.000,63.050.000,,
GaslyRare8,Gasly,Rare,8,60,45,55,65,50,275,7,400,784,51.750.000,114.800.000,,
GaslyRare9,Gasly,Rare,9,63,48,58,68,53,290,7,1000,1784,75.500.000,190.300.000,,
GaslyEpic1,Gasly,Epic,1,58,43,53,63,48,265,10,0,0,0,0,,
GaslyEpic2,Gasly,Epic,2,62,47,57,67,52,285,10,4,4,22.000.000,22.000.000,,
GaslyEpic3,Gasly,Epic,3,66,51,61,71,56,305,10,10,14,43.000.000,65.000.000,,
GaslyEpic4,Gasly,Epic,4,70,55,65,75,60,325,10,20,34,65.000.000,130.000.000,,
GaslyEpic5,Gasly,Epic,5,74,59,69,79,64,345,10,50,84,150.000.000,280.000.000,,
GaslyEpic6,Gasly,Epic,6,77,62,72,82,67,360,10,100,184,284.000.000,564.000.000,,
GaslyEpic7,Gasly,Epic,7,81,66,76,86,71,380,10,200,384,341.000.000,905.000.000,,
GaslyEpic8,Gasly,Epic,8,85,70,80,90,75,400,10,400,784,398.000.000,1.303.000.000,,
HamiltonCommon1,Hamilton,Common,1,22,17,12,32,27,110,5,0,0,0,0,,
HamiltonCommon2,Hamilton,Common,2,25,20,15,35,30,125,5,4,4,220.000,220.000,,
HamiltonCommon3,Hamilton,Common,3,28,23,18,38,33,140,5,10,14,445.000,665.000,,
HamiltonCommon4,Hamilton,Common,4,30,25,20,40,35,150,5,20,34,665.000,1.330.000,,
HamiltonCommon5,Hamilton,Common,5,33,28,23,43,38,165,5,50,84,2.250.000,3.580.000,,
HamiltonCommon6,Hamilton,Common,6,36,31,26,46,41,180,5,100,184,4.750.000,8.330.000,,
HamiltonCommon7,Hamilton,Common,7,38,33,28,48,43,190,5,200,384,13.750.000,22.080.000,,
HamiltonCommon8,Hamilton,Common,8,41,36,31,51,46,205,5,400,784,25.500.000,47.580.000,,
HamiltonCommon9,Hamilton,Common,9,44,39,34,54,49,220,5,1000,1784,37.250.000,84.830.000,,
HamiltonCommon10,Hamilton,Common,10,46,41,36,56,51,230,5,2000,3784,49.000.000,133.830.000,,
HamiltonCommon11,Hamilton,Common,11,49,44,39,59,54,245,5,4000,7784,60.750.000,194.580.000,,
HamiltonRare1,Hamilton,Rare,1,40,35,30,50,45,200,9,0,0,0,0,,
HamiltonRare2,Hamilton,Rare,2,43,38,33,53,48,215,9,4,4,9.500.000,9.500.000,,
HamiltonRare3,Hamilton,Rare,3,47,42,37,57,52,235,9,10,14,19.000.000,28.500.000,,
HamiltonRare4,Hamilton,Rare,4,50,45,40,60,55,250,9,20,34,45.000.000,73.500.000,,
HamiltonRare5,Hamilton,Rare,5,53,48,43,63,58,265,9,50,84,105.000.000,178.500.000,,
HamiltonRare6,Hamilton,Rare,6,57,52,47,67,62,285,9,100,184,199.000.000,377.500.000,,
HamiltonRare7,Hamilton,Rare,7,60,55,50,70,65,300,9,200,384,239.000.000,616.500.000,,
HamiltonRare8,Hamilton,Rare,8,63,58,53,73,68,315,9,400,784,278.000.000,894.500.000,,
HamiltonRare9,Hamilton,Rare,9,67,62,57,77,72,335,9,1000,1784,317.000.000,1.211.500.000,,
HamiltonEpic1,Hamilton,Epic,1,62,57,52,72,67,310,12,0,0,0,0,,
HamiltonEpic2,Hamilton,Epic,2,66,61,56,76,71,330,12,4,4,116.000.000,116.000.000,,
HamiltonEpic3,Hamilton,Epic,3,70,65,60,80,75,350,12,10,14,232.000.000,348.000.000,,
HamiltonEpic4,Hamilton,Epic,4,74,69,64,84,79,370,12,20,34,348.000.000,696.000.000,,
HamiltonEpic5,Hamilton,Epic,5,78,73,68,88,83,390,12,50,84,464.000.000,1.160.000.000,,
HamiltonEpic6,Hamilton,Epic,6,81,76,71,91,86,405,12,100,184,580.000.000,1.740.000.000,,
HamiltonEpic7,Hamilton,Epic,7,85,80,75,95,90,425,12,200,384,696.000.000,2.436.000.000,,
HamiltonEpic8,Hamilton,Epic,8,89,84,79,99,94,445,12,400,784,812.000.000,3.248.000.000,,
HulkenbergCommon1,Hulkenberg,Common,1,17,13,9,5,1,45,2,0,0,0,0,,
HulkenbergCommon2,Hulkenberg,Common,2,20,16,12,7,3,58,2,4,4,6.000,6.000,,
HulkenbergCommon3,Hulkenberg,Common,3,23,18,14,10,6,71,2,10,14,30.000,36.000,,
HulkenbergCommon4,Hulkenberg,Common,4,26,21,17,13,8,85,2,20,34,95.000,131.000,,
HulkenbergCommon5,Hulkenberg,Common,5,28,24,20,15,11,98,2,50,84,300.000,431.000,,
HulkenbergCommon6,Hulkenberg,Common,6,31,27,22,18,13,111,2,100,184,950.000,1.381.000,,
HulkenbergCommon7,Hulkenberg,Common,7,34,30,25,20,16,125,2,200,384,1.900.000,3.281.000,,
HulkenbergCommon8,Hulkenberg,Common,8,37,32,28,23,18,138,2,400,784,3.750.000,7.031.000,,
HulkenbergCommon9,Hulkenberg,Common,9,40,35,30,25,21,151,2,1000,1784,5.600.000,12.631.000,,
HulkenbergCommon10,Hulkenberg,Common,10,43,38,33,28,23,165,2,2000,3784,7.450.000,20.081.000,,
HulkenbergCommon11,Hulkenberg,Common,11,46,41,36,31,26,180,2,4000,7784,9.300.000,29.381.000,,
HulkenbergRare1,Hulkenberg,Rare,1,37,32,27,22,17,135,6,0,0,0,0,,
HulkenbergRare2,Hulkenberg,Rare,2,40,35,30,25,20,150,6,4,4,790.000,790.000,,
HulkenbergRare3,Hulkenberg,Rare,3,43,38,33,28,23,165,6,10,14,1.600.000,2.390.000,,
HulkenbergRare4,Hulkenberg,Rare,4,47,42,37,32,27,185,6,20,34,2.400.000,4.790.000,,
HulkenbergRare5,Hulkenberg,Rare,5,50,45,40,35,30,200,6,50,84,3.200.000,7.990.000,,
HulkenbergRare6,Hulkenberg,Rare,6,53,48,43,38,33,215,6,100,184,6.800.000,14.790.000,,
HulkenbergRare7,Hulkenberg,Rare,7,57,52,47,42,37,235,6,200,384,19.500.000,34.290.000,,
HulkenbergRare8,Hulkenberg,Rare,8,60,55,50,45,40,250,6,400,784,36.250.000,70.540.000,,
HulkenbergRare9,Hulkenberg,Rare,9,63,58,53,48,43,265,6,1000,1784,53.000.000,123.540.000,,
HulkenbergEpic1,Hulkenberg,Epic,1,23,18,13,8,3,65,1,0,0,0,0,,
HulkenbergEpic2,Hulkenberg,Epic,2,27,22,17,12,7,85,1,4,4,2.000,2.000,,
HulkenbergEpic3,Hulkenberg,Epic,3,31,26,21,16,11,105,1,10,14,8.000,10.000,,
HulkenbergEpic4,Hulkenberg,Epic,4,35,30,25,20,15,125,1,20,34,35.000,45.000,,
HulkenbergEpic5,Hulkenberg,Epic,5,39,34,29,24,19,145,1,50,84,90.000,135.000,,
HulkenbergEpic6,Hulkenberg,Epic,6,42,37,32,27,22,160,1,100,184,275.000,410.000,,
HulkenbergEpic7,Hulkenberg,Epic,7,46,41,36,31,26,180,1,200,384,800.000,1.210.000,,
HulkenbergEpic8,Hulkenberg,Epic,8,50,45,40,35,30,200,1,400,784,1.600.000,2.810.000,,
LeclercCommon1,Leclerc,Common,1,12,32,27,22,17,110,5,0,0,0,0,,
LeclercCommon2,Leclerc,Common,2,15,35,30,25,20,125,5,4,4,220.000,220.000,,
LeclercCommon3,Leclerc,Common,3,18,38,33,28,23,140,5,10,14,445.000,665.000,,
LeclercCommon4,Leclerc,Common,4,20,40,35,30,25,150,5,20,34,665.000,1.330.000,,
LeclercCommon5,Leclerc,Common,5,23,43,38,33,28,165,5,50,84,2.250.000,3.580.000,,
LeclercCommon6,Leclerc,Common,6,26,46,41,36,31,180,5,100,184,4.750.000,8.330.000,,
LeclercCommon7,Leclerc,Common,7,28,48,43,38,33,190,5,200,384,13.750.000,22.080.000,,
LeclercCommon8,Leclerc,Common,8,31,51,46,41,36,205,5,400,784,25.500.000,47.580.000,,
LeclercCommon9,Leclerc,Common,9,34,54,49,44,39,220,5,1000,1784,37.250.000,84.830.000,,
LeclercCommon10,Leclerc,Common,10,36,56,51,46,41,230,5,2000,3784,49.000.000,133.830.000,,
LeclercCommon11,Leclerc,Common,11,39,59,54,49,44,245,5,4000,7784,60.750.000,194.580.000,,
LeclercRare1,Leclerc,Rare,1,30,50,45,40,35,200,9,0,0,0,0,,
LeclercRare2,Leclerc,Rare,2,33,53,48,43,38,215,9,4,4,9.500.000,9.500.000,,
LeclercRare3,Leclerc,Rare,3,37,57,52,47,42,235,9,10,14,19.000.000,28.500.000,,
LeclercRare4,Leclerc,Rare,4,40,60,55,50,45,250,9,20,34,45.000.000,73.500.000,,
LeclercRare5,Leclerc,Rare,5,43,63,58,53,48,265,9,50,84,105.000.000,178.500.000,,
LeclercRare6,Leclerc,Rare,6,47,67,62,57,52,285,9,100,184,199.000.000,377.500.000,,
LeclercRare7,Leclerc,Rare,7,50,70,65,60,55,300,9,200,384,239.000.000,616.500.000,,
LeclercRare8,Leclerc,Rare,8,53,73,68,63,58,315,9,400,784,278.000.000,894.500.000,,
LeclercRare9,Leclerc,Rare,9,57,77,72,67,62,335,9,1000,1784,317.000.000,1.211.500.000,,
LeclercEpic1,Leclerc,Epic,1,52,72,67,62,57,310,12,0,0,0,0,,
LeclercEpic2,Leclerc,Epic,2,56,76,71,66,61,330,12,4,4,116.000.000,116.000.000,,
LeclercEpic3,Leclerc,Epic,3,60,80,75,70,65,350,12,10,14,232.000.000,348.000.000,,
LeclercEpic4,Leclerc,Epic,4,64,84,79,74,69,370,12,20,34,348.000.000,696.000.000,,
LeclercEpic5,Leclerc,Epic,5,68,88,83,78,73,390,12,50,84,464.000.000,1.160.000.000,,
LeclercEpic6,Leclerc,Epic,6,71,91,86,81,76,405,12,100,184,580.000.000,1.740.000.000,,
LeclercEpic7,Leclerc,Epic,7,75,95,90,85,80,425,12,200,384,696.000.000,2.436.000.000,,
LeclercEpic8,Leclerc,Epic,8,79,99,94,89,84,445,12,400,784,812.000.000,3.248.000.000,,
MagnussenCommon1,Magnussen,Common,1,2,5,3,4,6,20,1,0,0,0,0,,
MagnussenCommon2,Magnussen,Common,2,4,9,6,7,10,36,1,4,4,2.000,2.000,,
MagnussenCommon3,Magnussen,Common,3,6,12,8,10,13,49,1,10,14,8.000,10.000,,
MagnussenCommon4,Magnussen,Common,4,8,15,10,12,17,62,1,20,34,35.000,45.000,,
MagnussenCommon5,Magnussen,Common,5,10,18,13,15,20,76,1,50,84,90.000,135.000,,
MagnussenCommon6,Magnussen,Common,6,12,21,15,18,24,90,1,100,184,275.000,410.000,,
MagnussenCommon7,Magnussen,Common,7,14,24,17,20,27,102,1,200,384,800.000,1.210.000,,
MagnussenCommon8,Magnussen,Common,8,16,27,19,23,31,116,1,400,784,1.600.000,2.810.000,,
MagnussenCommon9,Magnussen,Common,9,17,30,22,26,34,129,1,1000,1784,2.400.000,5.210.000,,
MagnussenCommon10,Magnussen,Common,10,19,33,24,28,38,142,1,2000,3784,3.200.000,8.410.000,,
MagnussenCommon11,Magnussen,Common,11,21,36,26,31,41,155,1,4000,7784,4.000.000,12.410.000,,
MagnussenRare1,Magnussen,Rare,1,8,23,13,18,28,90,3,0,0,0,0,,
MagnussenRare2,Magnussen,Rare,2,11,26,16,21,31,105,3,4,4,22.000,22.000,,
MagnussenRare3,Magnussen,Rare,3,14,29,19,24,34,120,3,10,14,45.000,67.000,,
MagnussenRare4,Magnussen,Rare,4,18,33,23,28,38,140,3,20,34,135.000,202.000,,
MagnussenRare5,Magnussen,Rare,5,21,36,26,31,41,155,3,50,84,450.000,652.000,,
MagnussenRare6,Magnussen,Rare,6,24,39,29,34,44,170,3,100,184,1.350.000,2.002.000,,
MagnussenRare7,Magnussen,Rare,7,28,43,33,38,48,190,3,200,384,2.800.000,4.802.000,,
MagnussenRare8,Magnussen,Rare,8,31,46,36,41,51,205,3,400,784,5.250.000,10.052.000,,
MagnussenRare9,Magnussen,Rare,9,35,50,40,45,55,225,3,1000,1784,7.700.000,17.752.000,,
MagnussenEpic1,Magnussen,Epic,1,17,32,22,27,37,135,4,0,0,0,0,,
MagnussenEpic2,Magnussen,Epic,2,21,36,26,31,41,155,4,4,4,64.000,64.000,,
MagnussenEpic3,Magnussen,Epic,3,24,39,29,34,44,170,4,10,14,130.000,194.000,,
MagnussenEpic4,Magnussen,Epic,4,28,43,33,38,48,190,4,20,34,190.000,384.000,,
MagnussenEpic5,Magnussen,Epic,5,32,47,37,42,52,210,4,50,84,1.550.000,1.934.000,,
MagnussenEpic6,Magnussen,Epic,6,36,51,41,46,56,230,4,100,184,3.300.000,5.234.000,,
MagnussenEpic7,Magnussen,Epic,7,40,55,45,50,60,250,4,200,384,6.500.000,11.734.000,,
MagnussenEpic8,Magnussen,Epic,8,43,58,48,53,63,265,4,400,784,11.250.000,22.984.000,,
NorrisCommon1,Norris,Common,1,12,27,32,22,17,110,5,0,0,0,0,,
NorrisCommon2,Norris,Common,2,15,30,35,25,20,125,5,4,4,220.000,220.000,,
NorrisCommon3,Norris,Common,3,18,33,38,28,23,140,5,10,14,445.000,665.000,,
NorrisCommon4,Norris,Common,4,20,35,40,30,25,150,5,20,34,665.000,1.330.000,,
NorrisCommon5,Norris,Common,5,23,38,43,33,28,165,5,50,84,2.250.000,3.580.000,,
NorrisCommon6,Norris,Common,6,26,41,46,36,31,180,5,100,184,4.750.000,8.330.000,,
NorrisCommon7,Norris,Common,7,28,43,48,38,33,190,5,200,384,13.750.000,22.080.000,,
NorrisCommon8,Norris,Common,8,31,46,51,41,36,205,5,400,784,25.500.000,47.580.000,,
NorrisCommon9,Norris,Common,9,34,49,54,44,39,220,5,1000,1784,37.250.000,84.830.000,,
NorrisCommon10,Norris,Common,10,36,51,56,46,41,230,5,2000,3784,49.000.000,133.830.000,,
NorrisCommon11,Norris,Common,11,39,54,59,49,44,245,5,4000,7784,60.750.000,194.580.000,,
NorrisRare1,Norris,Rare,1,30,45,50,40,35,200,9,0,0,0,0,,
NorrisRare2,Norris,Rare,2,33,48,53,43,38,215,9,4,4,9.500.000,9.500.000,,
NorrisRare3,Norris,Rare,3,37,52,57,47,42,235,9,10,14,19.000.000,28.500.000,,
NorrisRare4,Norris,Rare,4,40,55,60,50,45,250,9,20,34,45.000.000,73.500.000,,
NorrisRare5,Norris,Rare,5,43,58,63,53,48,265,9,50,84,105.000.000,178.500.000,,
NorrisRare6,Norris,Rare,6,47,62,67,57,52,285,9,100,184,199.000.000,377.500.000,,
NorrisRare7,Norris,Rare,7,50,65,70,60,55,300,9,200,384,239.000.000,616.500.000,,
NorrisRare8,Norris,Rare,8,53,68,73,63,58,315,9,400,784,278.000.000,894.500.000,,
NorrisRare9,Norris,Rare,9,57,72,77,67,62,335,9,1000,1784,317.000.000,1.211.500.000,,
NorrisEpic1,Norris,Epic,1,52,67,72,62,57,310,12,0,0,0,0,,
NorrisEpic2,Norris,Epic,2,56,71,76,66,61,330,12,4,4,116.000.000,116.000.000,,
NorrisEpic3,Norris,Epic,3,60,75,80,70,65,350,12,10,14,232.000.000,348.000.000,,
NorrisEpic4,Norris,Epic,4,64,79,84,74,69,370,12,20,34,348.000.000,696.000.000,,
NorrisEpic5,Norris,Epic,5,68,83,88,78,73,390,12,50,84,464.000.000,1.160.000.000,,
NorrisEpic6,Norris,Epic,6,71,86,91,81,76,405,12,100,184,580.000.000,1.740.000.000,,
NorrisEpic7,Norris,Epic,7,75,90,95,85,80,425,12,200,384,696.000.000,2.436.000.000,,
NorrisEpic8,Norris,Epic,8,79,94,99,89,84,445,12,400,784,812.000.000,3.248.000.000,,
OconCommon1,Ocon,Common,1,13,23,3,8,18,65,3,0,0,0,0,,
OconCommon2,Ocon,Common,2,16,26,6,11,21,80,3,4,4,22.000,22.000,,
OconCommon3,Ocon,Common,3,19,29,9,14,24,95,3,10,14,45.000,67.000,,
OconCommon4,Ocon,Common,4,21,31,11,16,26,105,3,20,34,135.000,202.000,,
OconCommon5,Ocon,Common,5,24,34,14,19,29,120,3,50,84,450.000,652.000,,
OconCommon6,Ocon,Common,6,27,37,17,22,32,135,3,100,184,1.350.000,2.002.000,,
OconCommon7,Ocon,Common,7,29,39,19,24,34,145,3,200,384,2.800.000,4.802.000,,
OconCommon8,Ocon,Common,8,32,42,22,27,37,160,3,400,784,5.250.000,10.052.000,,
OconCommon9,Ocon,Common,9,35,45,25,30,40,175,3,1000,1784,7.700.000,17.752.000,,
OconCommon10,Ocon,Common,10,37,47,27,32,42,185,3,2000,3784,10.150.000,27.902.000,,
OconCommon11,Ocon,Common,11,40,50,30,35,45,200,3,4000,7784,12.600.000,40.502.000,,
OconRare1,Ocon,Rare,1,31,41,21,26,36,155,7,0,0,0,0,,
OconRare2,Ocon,Rare,2,34,44,24,29,39,170,7,4,4,1.950.000,1.950.000,,
OconRare3,Ocon,Rare,3,38,48,28,33,43,190,7,10,14,3.850.000,5.800.000,,
OconRare4,Ocon,Rare,4,41,51,31,36,46,205,7,20,34,5.800.000,11.600.000,,
OconRare5,Ocon,Rare,5,45,55,35,40,50,225,7,50,84,7.700.000,19.300.000,,
OconRare6,Ocon,Rare,6,48,58,38,43,53,240,7,100,184,15.750.000,35.050.000,,
OconRare7,Ocon,Rare,7,51,61,41,46,56,255,7,200,384,28.000.000,63.050.000,,
OconRare8,Ocon,Rare,8,55,65,45,50,60,275,7,400,784,51.750.000,114.800.000,,
OconRare9,Ocon,Rare,9,58,68,48,53,63,290,7,1000,1784,75.500.000,190.300.000,,
OconEpic1,Ocon,Epic,1,53,63,43,48,58,265,10,0,0,0,0,,
OconEpic2,Ocon,Epic,2,57,67,47,52,62,285,10,4,4,22.000.000,22.000.000,,
OconEpic3,Ocon,Epic,3,61,71,51,56,66,305,10,10,14,43.000.000,65.000.000,,
OconEpic4,Ocon,Epic,4,65,75,55,60,70,325,10,20,34,65.000.000,130.000.000,,
OconEpic5,Ocon,Epic,5,69,79,59,64,74,345,10,50,84,150.000.000,280.000.000,,
OconEpic6,Ocon,Epic,6,72,82,62,67,77,360,10,100,184,284.000.000,564.000.000,,
OconEpic7,Ocon,Epic,7,76,86,66,71,81,380,10,200,384,341.000.000,905.000.000,,
OconEpic8,Ocon,Epic,8,80,90,70,75,85,400,10,400,784,398.000.000,1.303.000.000,,
PerezCommon1,Perez,Common,1,28,18,13,8,23,90,4,0,0,0,0,,
PerezCommon2,Perez,Common,2,30,20,15,10,25,100,4,4,4,64.000,64.000,,
PerezCommon3,Perez,Common,3,33,23,18,13,28,115,4,10,14,130.000,194.000,,
PerezCommon4,Perez,Common,4,36,26,21,16,31,130,4,20,34,190.000,384.000,,
PerezCommon5,Perez,Common,5,38,28,23,18,33,140,4,50,84,1.550.000,1.934.000,,
PerezCommon6,Perez,Common,6,41,31,26,21,36,155,4,100,184,3.300.000,5.234.000,,
PerezCommon7,Perez,Common,7,44,34,29,24,39,170,4,200,384,6.500.000,11.734.000,,
PerezCommon8,Perez,Common,8,46,36,31,26,41,180,4,400,784,11.250.000,22.984.000,,
PerezCommon9,Perez,Common,9,49,39,34,29,44,195,4,1000,1784,16.000.000,38.984.000,,
PerezCommon10,Perez,Common,10,52,42,37,32,47,210,4,2000,3784,20.750.000,59.734.000,,
PerezCommon11,Perez,Common,11,55,45,40,35,50,225,4,4000,7784,25.500.000,85.234.000,,
PerezRare1,Perez,Rare,1,46,36,31,26,41,180,8,0,0,0,0,,
PerezRare2,Perez,Rare,2,49,39,34,29,44,195,8,4,4,4.500.000,4.500.000,,
PerezRare3,Perez,Rare,3,52,42,37,32,47,210,8,10,14,9.000.000,13.500.000,,
PerezRare4,Perez,Rare,4,56,46,41,36,51,230,8,20,34,20.000.000,33.500.000,,
PerezRare5,Perez,Rare,5,59,49,44,39,54,245,8,50,84,42.250.000,75.750.000,,
PerezRare6,Perez,Rare,6,62,52,47,42,57,260,8,100,184,139.250.000,215.000.000,,
PerezRare7,Perez,Rare,7,66,56,51,46,61,280,8,200,384,167.000.000,382.000.000,,
PerezRare8,Perez,Rare,8,69,59,54,49,64,295,8,400,784,195.000.000,577.000.000,,
PerezRare9,Perez,Rare,9,72,62,57,52,67,310,8,1000,1784,223.000.000,800.000.000,,
PerezEpic1,Perez,Epic,1,68,58,53,48,63,290,11,0,0,0,0,,
PerezEpic2,Perez,Epic,2,72,62,57,52,67,310,11,4,4,54.000.000,54.000.000,,
PerezEpic3,Perez,Epic,3,75,65,60,55,70,325,11,10,14,107.000.000,161.000.000,,
PerezEpic4,Perez,Epic,4,79,69,64,59,74,345,11,20,34,161.000.000,322.000.000,,
PerezEpic5,Perez,Epic,5,83,73,68,63,78,365,11,50,84,215.000.000,537.000.000,,
PerezEpic6,Perez,Epic,6,87,77,72,67,82,385,11,100,184,406.000.000,943.000.000,,
PerezEpic7,Perez,Epic,7,91,81,76,71,86,405,11,200,384,487.000.000,1.430.000.000,,
PerezEpic8,Perez,Epic,8,95,85,80,75,90,425,11,400,784,568.000.000,1.998.000.000,,
PiastriCommon1,Piastri,Common,1,18,13,23,8,28,90,4,0,0,0,0,,
PiastriCommon2,Piastri,Common,2,20,15,25,10,30,100,4,4,4,64.000,64.000,,
PiastriCommon3,Piastri,Common,3,23,18,28,13,33,115,4,10,14,130.000,194.000,,
PiastriCommon4,Piastri,Common,4,26,21,31,16,36,130,4,20,34,190.000,384.000,,
PiastriCommon5,Piastri,Common,5,28,23,33,18,38,140,4,50,84,1.550.000,1.934.000,,
PiastriCommon6,Piastri,Common,6,31,26,36,21,41,155,4,100,184,3.300.000,5.234.000,,
PiastriCommon7,Piastri,Common,7,34,29,39,24,44,170,4,200,384,6.500.000,11.734.000,,
PiastriCommon8,Piastri,Common,8,36,31,41,26,46,180,4,400,784,11.250.000,22.984.000,,
PiastriCommon9,Piastri,Common,9,39,34,44,29,49,195,4,1000,1784,16.000.000,38.984.000,,
PiastriCommon10,Piastri,Common,10,42,37,47,32,52,210,4,2000,3784,20.750.000,59.734.000,,
PiastriCommon11,Piastri,Common,11,45,40,50,35,55,225,4,4000,7784,25.500.000,85.234.000,,
PiastriRare1,Piastri,Rare,1,36,31,41,26,46,180,8,0,0,0,0,,
PiastriRare2,Piastri,Rare,2,39,34,44,29,49,195,8,4,4,4.500.000,4.500.000,,
PiastriRare3,Piastri,Rare,3,42,37,47,32,52,210,8,10,14,9.000.000,13.500.000,,
PiastriRare4,Piastri,Rare,4,46,41,51,36,56,230,8,20,34,20.000.000,33.500.000,,
PiastriRare5,Piastri,Rare,5,49,44,54,39,59,245,8,50,84,42.250.000,75.750.000,,
PiastriRare6,Piastri,Rare,6,52,47,57,42,62,260,8,100,184,139.250.000,215.000.000,,
PiastriRare7,Piastri,Rare,7,56,51,61,46,66,280,8,200,384,167.000.000,382.000.000,,
PiastriRare8,Piastri,Rare,8,59,54,64,49,69,295,8,400,784,195.000.000,577.000.000,,
PiastriRare9,Piastri,Rare,9,62,57,67,52,72,310,8,1000,1784,223.000.000,800.000.000,,
PiastriEpic1,Piastri,Epic,1,58,53,63,48,68,290,8,0,0,0,0,,
PiastriEpic2,Piastri,Epic,2,62,57,67,52,72,310,11,4,4,54.000.000,54.000.000,,
PiastriEpic3,Piastri,Epic,3,65,60,70,55,75,325,11,10,14,107.000.000,161.000.000,,
PiastriEpic4,Piastri,Epic,4,69,64,74,59,79,345,11,20,34,161.000.000,322.000.000,,
PiastriEpic5,Piastri,Epic,5,73,68,78,63,83,365,11,50,84,215.000.000,537.000.000,,
PiastriEpic6,Piastri,Epic,6,77,72,82,67,87,385,11,100,184,406.000.000,943.000.000,,
PiastriEpic7,Piastri,Epic,7,81,76,86,71,91,405,11,200,384,487.000.000,1.430.000.000,,
PiastriEpic8,Piastri,Epic,8,85,80,90,75,95,425,11,400,784,568.000.000,1.998.000.000,,
LawsonCommon1,Lawson,Common,1,9,5,17,1,13,45,2,0,0,0,0,,
LawsonCommon2,Lawson,Common,2,12,7,20,3,16,58,2,4,4,6.000,6.000,,
LawsonCommon3,Lawson,Common,3,14,10,23,6,18,71,2,10,14,30.000,36.000,,
LawsonCommon4,Lawson,Common,4,17,13,26,8,21,85,2,20,34,95.000,131.000,,
LawsonCommon5,Lawson,Common,5,20,15,28,11,24,98,2,50,84,300.000,431.000,,
LawsonCommon6,Lawson,Common,6,22,18,31,13,27,111,2,100,184,950.000,1.381.000,,
LawsonCommon7,Lawson,Common,7,25,20,34,16,30,125,2,200,384,1.900.000,3.281.000,,
LawsonCommon8,Lawson,Common,8,28,23,37,18,32,138,2,400,784,3.750.000,7.031.000,,
LawsonCommon9,Lawson,Common,9,30,25,40,21,35,151,2,1000,1784,5.600.000,12.631.000,,
LawsonCommon10,Lawson,Common,10,33,28,43,23,38,165,2,2000,3784,7.450.000,20.081.000,,
LawsonCommon11,Lawson,Common,11,36,31,46,26,41,180,2,4000,7784,9.300.000,29.381.000,,
LawsonRare1,Lawson,Rare,1,27,22,37,17,32,135,6,0,0,0,0,,
LawsonRare2,Lawson,Rare,2,30,25,40,20,35,150,6,4,4,790.000,790.000,,
LawsonRare3,Lawson,Rare,3,33,28,43,23,38,165,6,10,14,1.600.000,2.390.000,,
LawsonRare4,Lawson,Rare,4,37,32,47,27,42,185,6,20,34,2.400.000,4.790.000,,
LawsonRare5,Lawson,Rare,5,40,35,50,30,45,200,6,50,84,3.200.000,7.990.000,,
LawsonRare6,Lawson,Rare,6,43,38,53,33,48,215,6,100,184,6.800.000,14.790.000,,
LawsonRare7,Lawson,Rare,7,47,42,57,37,52,235,6,200,384,19.500.000,34.290.000,,
LawsonRare8,Lawson,Rare,8,50,45,60,40,55,250,6,400,784,36.250.000,70.540.000,,
LawsonRare9,Lawson,Rare,9,53,48,63,43,58,265,6,1000,1784,53.000.000,123.540.000,,
LawsonEpic1,Lawson,Epic,1,53,48,63,43,58,265,10,0,0,0,0,,
LawsonEpic2,Lawson,Epic,2,57,52,67,47,62,285,10,4,4,22.000.000,22.000.000,,
LawsonEpic3,Lawson,Epic,3,61,56,71,51,66,305,10,10,14,43.000.000,65.000.000,,
LawsonEpic4,Lawson,Epic,4,65,60,75,55,70,325,10,20,34,65.000.000,130.000.000,,
LawsonEpic5,Lawson,Epic,5,69,64,79,59,74,345,10,50,84,150.000.000,280.000.000,,
LawsonEpic6,Lawson,Epic,6,72,67,82,62,77,360,10,100,184,284.000.000,564.000.000,,
LawsonEpic7,Lawson,Epic,7,76,71,86,66,81,380,10,200,384,341.000.000,905.000.000,,
LawsonEpic8,Lawson,Epic,8,80,75,90,70,85,400,10,400,784,398.000.000,1.303.000.000,,
RussellCommon1,Russell,Common,1,8,23,13,28,18,90,4,0,0,0,0,,
RussellCommon2,Russell,Common,2,10,25,15,30,20,100,4,4,4,64.000,64.000,,
RussellCommon3,Russell,Common,3,13,28,18,33,23,115,4,10,14,130.000,194.000,,
RussellCommon4,Russell,Common,4,16,31,21,36,26,130,4,20,34,190.000,384.000,,
RussellCommon5,Russell,Common,5,18,33,23,38,28,140,4,50,84,1.550.000,1.934.000,,
RussellCommon6,Russell,Common,6,21,36,26,41,31,155,4,100,184,3.300.000,5.234.000,,
RussellCommon7,Russell,Common,7,24,39,29,44,34,170,4,200,384,6.500.000,11.734.000,,
RussellCommon8,Russell,Common,8,26,41,31,46,36,180,4,400,784,11.250.000,22.984.000,,
RussellCommon9,Russell,Common,9,29,44,34,49,39,195,4,1000,1784,16.000.000,38.984.000,,
RussellCommon10,Russell,Common,10,32,47,37,52,42,210,4,2000,3784,20.750.000,59.734.000,,
RussellCommon11,Russell,Common,11,35,50,40,55,45,225,4,4000,7784,25.500.000,85.234.000,,
RussellRare1,Russell,Rare,1,26,41,31,46,36,180,8,0,0,0,0,,
RussellRare2,Russell,Rare,2,29,44,34,49,39,195,8,4,4,4.500.000,4.500.000,,
RussellRare3,Russell,Rare,3,32,47,37,52,42,210,8,10,14,9.000.000,13.500.000,,
RussellRare4,Russell,Rare,4,36,51,41,56,46,230,8,20,34,20.000.000,33.500.000,,
RussellRare5,Russell,Rare,5,39,54,44,59,49,245,8,50,84,42.250.000,75.750.000,,
RussellRare6,Russell,Rare,6,42,57,47,62,52,260,8,100,184,139.250.000,215.000.000,,
RussellRare7,Russell,Rare,7,46,61,51,66,56,280,8,200,384,167.000.000,382.000.000,,
RussellRare8,Russell,Rare,8,49,64,54,69,59,295,8,400,784,195.000.000,577.000.000,,
RussellRare9,Russell,Rare,9,52,67,57,72,62,310,8,1000,1784,223.000.000,800.000.000,,
RussellEpic1,Russell,Epic,1,48,63,53,68,58,290,11,0,0,0,0,,
RussellEpic2,Russell,Epic,2,52,67,57,72,62,310,11,4,4,54.000.000,54.000.000,,
RussellEpic3,Russell,Epic,3,55,70,60,75,65,325,11,10,14,107.000.000,161.000.000,,
RussellEpic4,Russell,Epic,4,59,74,64,79,69,345,11,20,34,161.000.000,322.000.000,,
RussellEpic5,Russell,Epic,5,63,78,68,83,73,365,11,50,84,215.000.000,537.000.000,,
RussellEpic6,Russell,Epic,6,67,82,72,87,77,385,11,100,184,406.000.000,943.000.000,,
RussellEpic7,Russell,Epic,7,71,86,76,91,81,405,11,200,384,487.000.000,1.430.000.000,,
RussellEpic8,Russell,Epic,8,75,90,80,95,85,425,11,400,784,568.000.000,1.998.000.000,,
SainzCommon1,Sainz,Common,1,13,28,18,23,8,90,4,0,0,0,0,,
SainzCommon2,Sainz,Common,2,15,30,20,25,10,100,4,4,4,64.000,64.000,,
SainzCommon3,Sainz,Common,3,18,33,23,28,13,115,4,10,14,130.000,194.000,,
SainzCommon4,Sainz,Common,4,21,36,26,31,16,130,4,20,34,190.000,384.000,,
SainzCommon5,Sainz,Common,5,23,38,28,33,18,140,4,50,84,1.550.000,1.934.000,,
SainzCommon6,Sainz,Common,6,26,41,31,36,21,155,4,100,184,3.300.000,5.234.000,,
SainzCommon7,Sainz,Common,7,29,44,34,39,24,170,4,200,384,6.500.000,11.734.000,,
SainzCommon8,Sainz,Common,8,31,46,36,41,26,180,4,400,784,11.250.000,22.984.000,,
SainzCommon9,Sainz,Common,9,34,49,39,44,29,195,4,1000,1784,16.000.000,38.984.000,,
SainzCommon10,Sainz,Common,10,37,52,42,47,32,210,4,2000,3784,20.750.000,59.734.000,,
SainzCommon11,Sainz,Common,11,40,55,45,50,35,225,4,4000,7784,25.500.000,85.234.000,,
SainzRare1,Sainz,Rare,1,31,46,36,41,26,180,8,0,0,0,0,,
SainzRare2,Sainz,Rare,2,34,49,39,44,29,195,8,4,4,4.500.000,4.500.000,,
SainzRare3,Sainz,Rare,3,37,52,42,47,32,210,8,10,14,9.000.000,13.500.000,,
SainzRare4,Sainz,Rare,4,41,56,46,51,36,230,8,20,34,20.000.000,33.500.000,,
SainzRare5,Sainz,Rare,5,44,59,49,54,39,245,8,50,84,42.250.000,75.750.000,,
SainzRare6,Sainz,Rare,6,47,62,52,57,42,260,8,100,184,139.250.000,215.000.000,,
SainzRare7,Sainz,Rare,7,51,66,56,61,46,280,8,200,384,167.000.000,382.000.000,,
SainzRare8,Sainz,Rare,8,54,69,59,64,49,295,8,400,784,195.000.000,577.000.000,,
SainzRare9,Sainz,Rare,9,57,72,62,67,52,310,8,1000,1784,223.000.000,800.000.000,,
SainzEpic1,Sainz,Epic,1,53,68,58,63,48,290,11,0,0,0,0,,
SainzEpic2,Sainz,Epic,2,57,72,62,67,52,310,11,4,4,54.000.000,54.000.000,,
SainzEpic3,Sainz,Epic,3,60,75,65,70,55,325,11,10,14,107.000.000,161.000.000,,
SainzEpic4,Sainz,Epic,4,64,79,69,74,59,345,11,20,34,161.000.000,322.000.000,,
SainzEpic5,Sainz,Epic,5,68,83,73,78,63,365,11,50,84,215.000.000,537.000.000,,
SainzEpic6,Sainz,Epic,6,72,87,77,82,67,385,11,100,184,406.000.000,943.000.000,,
SainzEpic7,Sainz,Epic,7,76,91,81,86,71,405,11,200,384,487.000.000,1.430.000.000,,
SainzEpic8,Sainz,Epic,8,80,95,85,90,75,425,11,400,784,568.000.000,1.998.000.000,,
ColapintoCommon1,Colapinto,Common,1,5,2,6,3,4,20,1,0,0,0,0,,
ColapintoCommon2,Colapinto,Common,2,9,4,10,6,7,36,1,4,4,2.000,2.000,,
ColapintoCommon3,Colapinto,Common,3,12,6,13,8,10,49,1,10,14,8.000,10.000,,
ColapintoCommon4,Colapinto,Common,4,15,8,17,10,12,62,1,20,34,35.000,45.000,,
ColapintoCommon5,Colapinto,Common,5,18,10,20,13,15,76,1,50,84,90.000,135.000,,
ColapintoCommon6,Colapinto,Common,6,21,12,24,15,18,90,1,100,184,275.000,410.000,,
ColapintoCommon7,Colapinto,Common,7,24,14,27,17,20,102,1,200,384,800.000,1.210.000,,
ColapintoCommon8,Colapinto,Common,8,27,16,31,19,23,116,1,400,784,1.600.000,2.810.000,,
ColapintoCommon9,Colapinto,Common,9,30,17,34,22,26,129,1,1000,1784,2.400.000,5.210.000,,
ColapintoCommon10,Colapinto,Common,10,33,19,38,24,28,142,1,2000,3784,3.200.000,8.410.000,,
ColapintoCommon11,Colapinto,Common,11,36,21,41,26,31,155,1,4000,7784,4.000.000,12.410.000,,
ColapintoRare1,Colapinto,Rare,1,32,17,37,22,27,135,6,0,0,0,0,,
ColapintoRare2,Colapinto,Rare,2,35,20,40,25,30,150,6,4,4,790.000,790.000,,
ColapintoRare3,Colapinto,Rare,3,38,23,43,28,33,165,6,10,14,1.600.000,2.390.000,,
ColapintoRare4,Colapinto,Rare,4,42,27,47,32,37,185,6,20,34,2.400.000,4.790.000,,
ColapintoRare5,Colapinto,Rare,5,45,30,50,35,40,200,6,50,84,3.200.000,7.990.000,,
ColapintoRare6,Colapinto,Rare,6,48,33,53,38,43,215,6,100,184,6.800.000,14.790.000,,
ColapintoRare7,Colapinto,Rare,7,52,37,57,42,47,235,6,200,384,19.500.000,34.290.000,,
ColapintoRare8,Colapinto,Rare,8,55,40,60,45,50,250,6,400,784,36.250.000,70.540.000,,
ColapintoRare9,Colapinto,Rare,9,58,43,63,48,53,265,6,1000,1784,53.000.000,123.540.000,,
ColapintoEpic1,Colapinto,Epic,1,23,8,28,13,18,90,2,0,0,0,0,,
ColapintoEpic2,Colapinto,Epic,2,27,12,32,17,22,110,2,4,4,6.000,6.000,,
ColapintoEpic3,Colapinto,Epic,3,30,15,35,20,25,125,2,10,14,30.000,36.000,,
ColapintoEpic4,Colapinto,Epic,4,34,19,39,24,29,145,2,20,34,95.000,131.000,,
ColapintoEpic5,Colapinto,Epic,5,38,23,43,28,33,165,2,50,84,300.000,431.000,,
ColapintoEpic6,Colapinto,Epic,6,42,27,47,32,37,185,2,100,184,950.000,1.381.000,,
ColapintoEpic7,Colapinto,Epic,7,46,31,51,36,41,205,2,200,384,1.900.000,3.281.000,,
ColapintoEpic8,Colapinto,Epic,8,50,35,55,40,45,225,2,400,784,3.750.000,7.031.000,,
StrollCommon1,Stroll,Common,1,23,3,18,13,8,65,3,0,0,0,0,,
StrollCommon2,Stroll,Common,2,26,6,21,16,11,80,3,4,4,22.000,22.000,,
StrollCommon3,Stroll,Common,3,29,9,24,19,14,95,3,10,14,45.000,67.000,,
StrollCommon4,Stroll,Common,4,31,11,26,21,16,105,3,20,34,135.000,202.000,,
StrollCommon5,Stroll,Common,5,34,14,29,24,19,120,3,50,84,450.000,652.000,,
StrollCommon6,Stroll,Common,6,37,17,32,27,22,135,3,100,184,1.350.000,2.002.000,,
StrollCommon7,Stroll,Common,7,39,19,34,29,24,145,3,200,384,2.800.000,4.802.000,,
StrollCommon8,Stroll,Common,8,42,22,37,32,27,160,3,400,784,5.250.000,10.052.000,,
StrollCommon9,Stroll,Common,9,45,25,40,35,30,175,3,1000,1784,7.700.000,17.752.000,,
StrollCommon10,Stroll,Common,10,47,27,42,37,32,185,3,2000,3784,10.150.000,27.902.000,,
StrollCommon11,Stroll,Common,11,50,30,45,40,35,200,3,4000,7784,12.600.000,40.502.000,,
StrollRare1,Stroll,Rare,1,41,21,36,31,26,155,7,0,0,0,0,,
StrollRare2,Stroll,Rare,2,44,24,39,34,29,170,7,4,4,1.950.000,1.950.000,,
StrollRare3,Stroll,Rare,3,48,28,43,38,33,190,7,10,14,3.850.000,5.800.000,,
StrollRare4,Stroll,Rare,4,51,31,46,41,36,205,7,20,34,5.800.000,11.600.000,,
StrollRare5,Stroll,Rare,5,55,35,50,45,40,225,7,50,84,7.700.000,19.300.000,,
StrollRare6,Stroll,Rare,6,58,38,53,48,43,240,7,100,184,15.750.000,35.050.000,,
StrollRare7,Stroll,Rare,7,61,41,56,51,46,255,7,200,384,28.000.000,63.050.000,,
StrollRare8,Stroll,Rare,8,65,45,60,55,50,275,7,400,784,51.750.000,114.800.000,,
StrollRare9,Stroll,Rare,9,68,48,63,58,53,290,7,1000,1784,75.500.000,190.300.000,,
StrollEpic1,Stroll,Epic,1,63,43,58,53,48,265,10,0,0,0,0,,
StrollEpic2,Stroll,Epic,2,67,47,62,57,52,285,10,4,4,22.000.000,22.000.000,,
StrollEpic3,Stroll,Epic,3,71,51,66,61,56,305,10,10,14,43.000.000,65.000.000,,
StrollEpic4,Stroll,Epic,4,75,55,70,65,60,325,10,20,34,65.000.000,130.000.000,,
StrollEpic5,Stroll,Epic,5,79,59,74,69,64,345,10,50,84,150.000.000,280.000.000,,
StrollEpic6,Stroll,Epic,6,82,62,77,72,67,360,10,100,184,284.000.000,564.000.000,,
StrollEpic7,Stroll,Epic,7,86,66,81,76,71,380,10,200,384,341.000.000,905.000.000,,
StrollEpic8,Stroll,Epic,8,90,70,85,80,75,400,10,400,784,398.000.000,1.303.000.000,,
TsunodaCommon1,Tsunoda,Common,1,5,9,1,13,17,45,2,0,0,0,0,,
TsunodaCommon2,Tsunoda,Common,2,7,12,3,16,20,58,2,4,4,6.000,6.000,,
TsunodaCommon3,Tsunoda,Common,3,10,14,6,18,23,71,2,10,14,30.000,36.000,,
TsunodaCommon4,Tsunoda,Common,4,13,17,8,21,26,85,2,20,34,95.000,131.000,,
TsunodaCommon5,Tsunoda,Common,5,15,20,11,24,28,98,2,50,84,300.000,431.000,,
TsunodaCommon6,Tsunoda,Common,6,18,22,13,27,31,111,2,100,184,950.000,1.381.000,,
TsunodaCommon7,Tsunoda,Common,7,20,25,16,30,34,125,2,200,384,1.900.000,3.281.000,,
TsunodaCommon8,Tsunoda,Common,8,23,28,18,32,37,138,2,400,784,3.750.000,7.031.000,,
TsunodaCommon9,Tsunoda,Common,9,25,30,21,35,40,151,2,1000,1784,5.600.000,12.631.000,,
TsunodaCommon10,Tsunoda,Common,10,28,33,23,38,43,165,2,2000,3784,7.450.000,20.081.000,,
TsunodaCommon11,Tsunoda,Common,11,31,36,26,41,46,180,2,4000,7784,9.300.000,29.381.000,,
TsunodaRare1,Tsunoda,Rare,1,26,31,21,36,41,155,7,0,0,0,0,,
TsunodaRare2,Tsunoda,Rare,2,29,34,24,39,44,170,7,4,4,1.950.000,1.950.000,,
TsunodaRare3,Tsunoda,Rare,3,33,38,28,43,48,190,7,10,14,3.850.000,5.800.000,,
TsunodaRare4,Tsunoda,Rare,4,36,41,31,46,51,205,7,20,34,5.800.000,11.600.000,,
TsunodaRare5,Tsunoda,Rare,5,40,45,35,50,55,225,7,50,84,7.700.000,19.300.000,,
TsunodaRare6,Tsunoda,Rare,6,43,48,38,53,58,240,7,100,184,15.750.000,35.050.000,,
TsunodaRare7,Tsunoda,Rare,7,46,51,41,56,61,255,7,200,384,28.000.000,63.050.000,,
TsunodaRare8,Tsunoda,Rare,8,50,55,45,60,65,275,7,400,784,51.750.000,114.800.000,,
TsunodaRare9,Tsunoda,Rare,9,53,58,48,63,68,290,7,1000,1784,75.500.000,190.300.000,,
TsunodaEpic1,Tsunoda,Epic,1,48,53,43,58,63,265,10,0,0,0,0,,
TsunodaEpic2,Tsunoda,Epic,2,52,57,47,62,67,285,10,4,4,22.000.000,22.000.000,,
TsunodaEpic3,Tsunoda,Epic,3,56,61,51,66,71,305,10,10,14,43.000.000,65.000.000,,
TsunodaEpic4,Tsunoda,Epic,4,60,65,55,70,75,325,10,20,34,65.000.000,130.000.000,,
TsunodaEpic5,Tsunoda,Epic,5,64,69,59,74,79,345,10,50,84,150.000.000,280.000.000,,
TsunodaEpic6,Tsunoda,Epic,6,67,72,62,77,82,360,10,100,184,284.000.000,564.000.000,,
TsunodaEpic7,Tsunoda,Epic,7,71,76,66,81,86,380,10,200,384,341.000.000,905.000.000,,
TsunodaEpic8,Tsunoda,Epic,8,75,80,70,85,90,400,10,400,784,398.000.000,1.303.000.000,,
VerstappenCommon1,Verstappen,Common,1,32,17,27,12,22,110,5,0,0,0,0,,
VerstappenCommon2,Verstappen,Common,2,35,20,30,15,25,125,5,4,4,220.000,220.000,,
VerstappenCommon3,Verstappen,Common,3,38,23,33,18,28,140,5,10,14,445.000,665.000,,
VerstappenCommon4,Verstappen,Common,4,40,25,35,20,30,150,5,20,34,665.000,1.330.000,,
VerstappenCommon5,Verstappen,Common,5,43,28,38,23,33,165,5,50,84,2.250.000,3.580.000,,
VerstappenCommon6,Verstappen,Common,6,46,31,41,26,36,180,5,100,184,4.750.000,8.330.000,,
VerstappenCommon7,Verstappen,Common,7,48,33,43,28,38,190,5,200,384,13.750.000,22.080.000,,
VerstappenCommon8,Verstappen,Common,8,51,36,46,31,41,205,5,400,784,25.500.000,47.580.000,,
VerstappenCommon9,Verstappen,Common,9,54,39,49,34,44,220,5,1000,1784,37.250.000,84.830.000,,
VerstappenCommon10,Verstappen,Common,10,56,41,51,36,46,230,5,2000,3784,49.000.000,133.830.000,,
VerstappenCommon11,Verstappen,Common,11,59,44,54,39,49,245,5,4000,7784,60.750.000,194.580.000,,
VerstappenRare1,Verstappen,Rare,1,50,35,45,30,40,200,9,0,0,0,0,,
VerstappenRare2,Verstappen,Rare,2,53,38,48,33,43,215,9,4,4,9.500.000,9.500.000,,
VerstappenRare3,Verstappen,Rare,3,57,42,52,37,47,235,9,10,14,19.000.000,28.500.000,,
VerstappenRare4,Verstappen,Rare,4,60,45,55,40,50,250,9,20,34,45.000.000,73.500.000,,
VerstappenRare5,Verstappen,Rare,5,63,48,58,43,53,265,9,50,84,105.000.000,178.500.000,,
VerstappenRare6,Verstappen,Rare,6,67,52,62,47,57,285,9,100,184,199.000.000,377.500.000,,
VerstappenRare7,Verstappen,Rare,7,70,55,65,50,60,300,9,200,384,239.000.000,616.500.000,,
VerstappenRare8,Verstappen,Rare,8,73,58,68,53,63,315,9,400,784,278.000.000,894.500.000,,
VerstappenRare9,Verstappen,Rare,9,77,62,72,57,67,335,9,1000,1784,317.000.000,1.211.500.000,,
VerstappenEpic1,Verstappen,Epic,1,72,57,67,52,62,310,12,0,0,0,0,,
VerstappenEpic2,Verstappen,Epic,2,76,61,71,56,66,330,12,4,4,116.000.000,116.000.000,,
VerstappenEpic3,Verstappen,Epic,3,80,65,75,60,70,350,12,10,14,232.000.000,348.000.000,,
VerstappenEpic4,Verstappen,Epic,4,84,69,79,64,74,370,12,20,34,348.000.000,696.000.000,,
VerstappenEpic5,Verstappen,Epic,5,88,73,83,68,78,390,12,50,84,464.000.000,1.160.000.000,,
VerstappenEpic6,Verstappen,Epic,6,91,76,86,71,81,405,12,100,184,580.000.000,1.740.000.000,,
VerstappenEpic7,Verstappen,Epic,7,95,80,90,75,85,425,12,200,384,696.000.000,2.436.000.000,,
VerstappenEpic8,Verstappen,Epic,8,99,84,94,79,89,445,12,400,784,812.000.000,3.248.000.000,,
ZhouCommon1,Zhou,Common,1,3,4,5,6,2,20,1,0,0,0,0,,
ZhouCommon2,Zhou,Common,2,6,7,9,10,4,36,1,4,4,2.000,2.000,,
ZhouCommon3,Zhou,Common,3,8,10,12,13,6,49,1,10,14,8.000,10.000,,
ZhouCommon4,Zhou,Common,4,10,12,15,17,8,62,1,20,34,35.000,45.000,,
ZhouCommon5,Zhou,Common,5,13,15,18,20,10,76,1,50,84,90.000,135.000,,
ZhouCommon6,Zhou,Common,6,15,18,21,24,12,90,1,100,184,275.000,410.000,,
ZhouCommon7,Zhou,Common,7,17,20,24,27,14,102,1,200,384,800.000,1.210.000,,
ZhouCommon8,Zhou,Common,8,19,23,27,31,16,116,1,400,784,1.600.000,2.810.000,,
ZhouCommon9,Zhou,Common,9,22,26,30,34,17,129,1,1000,1784,2.400.000,5.210.000,,
ZhouCommon10,Zhou,Common,10,24,28,33,38,19,142,1,2000,3784,3.200.000,8.410.000,,
ZhouCommon11,Zhou,Common,11,26,31,36,41,21,155,1,4000,7784,4.000.000,12.410.000,,
ZhouRare1,Zhou,Rare,1,23,27,32,37,17,136,6,0,0,0,0,,
ZhouRare2,Zhou,Rare,2,26,30,35,40,20,151,6,4,4,790.000,790.000,,
ZhouRare3,Zhou,Rare,3,29,33,38,43,23,166,6,10,14,1.600.000,2.390.000,,
ZhouRare4,Zhou,Rare,4,32,37,42,47,27,185,6,20,34,2.400.000,4.790.000,,
ZhouRare5,Zhou,Rare,5,36,40,45,50,30,201,6,50,84,3.200.000,7.990.000,,
ZhouRare6,Zhou,Rare,6,39,43,48,53,33,216,6,100,184,6.800.000,14.790.000,,
ZhouRare7,Zhou,Rare,7,42,47,52,57,37,235,6,200,384,19.500.000,34.290.000,,
ZhouRare8,Zhou,Rare,8,45,50,55,60,40,250,6,400,784,36.250.000,70.540.000,,
ZhouRare9,Zhou,Rare,9,48,53,58,63,43,265,6,1000,1784,53.000.000,123.540.000,,
ZhouEpic1,Zhou,Epic,1,31,36,41,46,26,180,6,0,0,0,0,,
ZhouEpic2,Zhou,Epic,2,34,39,44,49,29,195,6,4,4,790.000,790.000,,
ZhouEpic3,Zhou,Epic,3,38,43,48,53,33,215,6,10,14,1.600.000,2.390.000,,
ZhouEpic4,Zhou,Epic,4,42,47,52,57,37,235,6,20,34,2.400.000,4.790.000,,
ZhouEpic5,Zhou,Epic,5,46,51,56,61,41,255,6,50,84,3.200.000,7.990.000,,
ZhouEpic6,Zhou,Epic,6,50,55,60,65,45,275,6,100,184,6.800.000,14.790.000,,
ZhouEpic7,Zhou,Epic,7,53,58,63,68,48,290,6,200,384,19.500.000,34.290.000,,
ZhouEpic8,Zhou,Epic,8,57,62,67,72,52,310,6,400,784,36.250.000,70.540.000,,
WebberLegendary1,Webber,Legendary,1,21,9,13,17,5,65,3,0,0,0,0,0,0
WebberLegendary2,Webber,Legendary,2,27,15,19,23,11,95,3,4,4,2.000,2.000,1.000,1.000
WebberLegendary3,Webber,Legendary,3,33,21,25,29,17,125,3,10,14,7.500,9.500,1.500,2.500
WebberLegendary4,Webber,Legendary,4,39,27,31,35,23,155,3,20,34,25.000,34.500,2.000,4.500
WebberLegendary5,Webber,Legendary,5,45,33,37,41,29,185,3,50,84,75.000,109.500,3.000,7.500
WebberLegendary6,Webber,Legendary,6,51,39,43,47,35,215,3,100,184,250.000,359.500,4.000,11.500
WebberLegendary7,Webber,Legendary,7,57,45,49,53,41,245,3,200,384,500.000,859.500,5.000,16.500
BergerLegendary1,Berger,Legendary,1,9,21,13,5,17,65,3,0,0,0,0,0,0
BergerLegendary2,Berger,Legendary,2,15,27,19,11,23,95,3,4,4,2.000,2.000,1.000,1.000
BergerLegendary3,Berger,Legendary,3,21,33,25,17,29,125,3,10,14,7.500,9.500,1.500,2.500
BergerLegendary4,Berger,Legendary,4,27,39,31,23,35,155,3,20,34,25.000,34.500,2.000,4.500
BergerLegendary5,Berger,Legendary,5,33,45,37,29,41,185,3,50,84,75.000,109.500,3.000,7.500
BergerLegendary6,Berger,Legendary,6,39,51,43,35,47,215,3,100,184,250.000,359.500,4.000,11.500
BergerLegendary7,Berger,Legendary,7,45,57,49,41,53,245,3,200,384,500.000,859.500,5.000,16.500
MassaLegendary1,Massa,Legendary,1,31,37,19,43,25,155,6,0,0,0,0,0,0
MassaLegendary2,Massa,Legendary,2,37,43,25,49,31,185,6,4,4,250.000,250.000,2.000,2.000
MassaLegendary3,Massa,Legendary,3,43,49,31,55,37,215,6,10,14,500.000,750.000,3.000,5.000
MassaLegendary4,Massa,Legendary,4,49,55,37,61,43,245,6,20,34,700.000,1.450.000,4.500,9.500
MassaLegendary5,Massa,Legendary,5,55,61,43,67,49,275,6,50,84,1.000.000,2.450.000,6.000,15.500
MassaLegendary6,Massa,Legendary,6,61,67,49,73,55,305,6,100,184,1.800.000,4.250.000,8.000,23.500
MassaLegendary7,Massa,Legendary,7,67,73,55,79,61,335,6,200,384,5.500.000,9.750.000,10.000,33.500
CoulthardLegendary1,Coulthard,Legendary,1,37,25,19,31,43,155,6,0,0,0,0,0,0
CoulthardLegendary2,Coulthard,Legendary,2,43,31,25,37,49,185,6,4,4,250.000,250.000,2.000,2.000
CoulthardLegendary3,Coulthard,Legendary,3,49,37,31,43,55,215,6,10,14,500.000,750.000,3.000,5.000
CoulthardLegendary4,Coulthard,Legendary,4,55,43,37,49,61,245,6,20,34,700.000,1.450.000,4.500,9.500
CoulthardLegendary5,Coulthard,Legendary,5,61,49,43,55,67,275,6,50,84,1.000.000,2.450.000,6.000,15.500
CoulthardLegendary6,Coulthard,Legendary,6,67,55,49,61,73,305,6,100,184,1.800.000,4.250.000,8.000,23.500
CoulthardLegendary7,Coulthard,Legendary,7,73,61,55,67,79,335,6,200,384,5.500.000,9.750.000,10.000,33.500
J.VilleneuveLegendary1,J.Villeneuve,Legendary,1,25,37,43,19,31,155,6,0,0,0,0,0,0
J.VilleneuveLegendary2,J.Villeneuve,Legendary,2,31,43,49,25,37,185,6,4,4,250.000,250.000,2.000,2.000
J.VilleneuveLegendary3,J.Villeneuve,Legendary,3,37,49,55,31,43,215,6,10,14,500.000,750.000,3.000,5.000
J.VilleneuveLegendary4,J.Villeneuve,Legendary,4,43,55,61,37,49,245,6,20,34,700.000,1.450.000,4.500,9.500
J.VilleneuveLegendary5,J.Villeneuve,Legendary,5,49,61,67,43,55,275,6,50,84,1.000.000,2.450.000,6.000,15.500
J.VilleneuveLegendary6,J.Villeneuve,Legendary,6,55,67,73,49,61,305,6,100,184,1.800.000,4.250.000,8.000,23.500
J.VilleneuveLegendary7,J.Villeneuve,Legendary,7,61,73,79,55,67,335,6,200,384,5.500.000,9.750.000,10.000,33.500
AndrettiLegendary1,Andretti,Legendary,1,31,43,37,19,25,155,6,0,0,0,0,0,0
AndrettiLegendary2,Andretti,Legendary,2,37,49,43,25,31,185,6,4,4,250.000,250.000,2.000,2.000
AndrettiLegendary3,Andretti,Legendary,3,43,55,49,31,37,215,6,10,14,500.000,750.000,3.000,5.000
AndrettiLegendary4,Andretti,Legendary,4,49,61,55,37,43,245,6,20,34,700.000,1.450.000,4.500,9.500
AndrettiLegendary5,Andretti,Legendary,5,55,67,61,43,49,275,6,50,84,1.000.000,2.450.000,6.000,15.500
AndrettiLegendary6,Andretti,Legendary,6,61,73,67,49,55,305,6,100,184,1.800.000,4.250.000,8.000,23.500
AndrettiLegendary7,Andretti,Legendary,7,67,79,73,55,61,335,6,200,384,5.500.000,9.750.000,10.000,33.500
G.VilleneuveLegendary1,G.Villeneuve,Legendary,1,33,39,51,57,45,225,9,0,0,0,0,0,0
G.VilleneuveLegendary2,G.Villeneuve,Legendary,2,38,44,56,62,50,250,9,4,4,1.000.000,1.000.000,5.000,5.000
G.VilleneuveLegendary3,G.Villeneuve,Legendary,3,44,50,62,68,56,280,9,10,14,2.300.000,3.300.000,8.000,13.000
G.VilleneuveLegendary4,G.Villeneuve,Legendary,4,50,56,68,74,62,310,9,20,34,5.000.000,8.300.000,12.000,25.000
G.VilleneuveLegendary5,G.Villeneuve,Legendary,5,56,62,74,80,68,340,9,50,84,10.000.000,18.300.000,17.000,42.000
G.VilleneuveLegendary6,G.Villeneuve,Legendary,6,62,68,80,86,74,370,9,100,184,32.000.000,50.300.000,23.000,65.000
G.VilleneuveLegendary7,G.Villeneuve,Legendary,7,68,74,86,92,80,400,9,200,384,43.000.000,93.300.000,30.000,95.000
ButtonLegendary1,Button,Legendary,1,39,51,45,33,57,225,9,0,0,0,0,0,0
ButtonLegendary2,Button,Legendary,2,44,56,50,38,62,250,9,4,4,1.000.000,1.000.000,5.000,5.000
ButtonLegendary3,Button,Legendary,3,50,62,56,44,68,280,9,10,14,2.300.000,3.300.000,8.000,13.000
ButtonLegendary4,Button,Legendary,4,56,68,62,50,74,310,9,20,34,5.000.000,8.300.000,12.000,25.000
ButtonLegendary5,Button,Legendary,5,62,74,68,56,80,340,9,50,84,10.000.000,18.300.000,17.000,42.000
ButtonLegendary6,Button,Legendary,6,68,80,74,62,86,370,9,100,184,32.000.000,50.300.000,23.000,65.000
ButtonLegendary7,Button,Legendary,7,74,86,80,68,92,400,9,200,384,43.000.000,93.300.000,30.000,95.000
D.HillLegendary1,D.Hill,Legendary,1,51,39,57,45,33,225,9,0,0,0,0,0,0
D.HillLegendary2,D.Hill,Legendary,2,56,44,62,50,38,250,9,4,4,1.000.000,1.000.000,5.000,5.000
D.HillLegendary3,D.Hill,Legendary,3,62,50,68,56,44,280,9,10,14,2.300.000,3.300.000,8.000,13.000
D.HillLegendary4,D.Hill,Legendary,4,68,56,74,62,50,310,9,20,34,5.000.000,8.300.000,12.000,25.000
D.HillLegendary5,D.Hill,Legendary,5,74,62,80,68,56,340,9,50,84,10.000.000,18.300.000,17.000,42.000
D.HillLegendary6,D.Hill,Legendary,6,80,68,86,74,62,370,9,100,184,32.000.000,50.300.000,23.000,65.000
D.HillLegendary7,D.Hill,Legendary,7,86,74,92,80,68,400,9,200,384,43.000.000,93.300.000,30.000,95.000
FittipaldiLegendary1,Fittipaldi,Legendary,1,57,51,33,45,39,225,9,0,0,0,0,0,0
FittipaldiLegendary2,Fittipaldi,Legendary,2,62,56,38,50,44,250,9,4,4,1.000.000,1.000.000,5.000,5.000
FittipaldiLegendary3,Fittipaldi,Legendary,3,68,62,44,56,50,280,9,10,14,2.300.000,3.300.000,8.000,13.000
FittipaldiLegendary4,Fittipaldi,Legendary,4,74,68,50,62,56,310,9,20,34,5.000.000,8.300.000,12.000,25.000
FittipaldiLegendary5,Fittipaldi,Legendary,5,80,74,56,68,62,340,9,50,84,10.000.000,18.300.000,17.000,42.000
FittipaldiLegendary6,Fittipaldi,Legendary,6,86,80,62,74,68,370,9,100,184,32.000.000,50.300.000,23.000,65.000
FittipaldiLegendary7,Fittipaldi,Legendary,7,92,86,68,80,74,400,9,200,384,43.000.000,93.300.000,30.000,95.000
G.HillLegendary1,G.Hill,Legendary,1,51,57,45,39,33,225,9,0,0,0,0,0,0
G.HillLegendary2,G.Hill,Legendary,2,56,62,50,44,38,250,9,4,4,1.000.000,1.000.000,5.000,5.000
G.HillLegendary3,G.Hill,Legendary,3,62,68,56,50,44,280,9,10,14,2.300.000,3.300.000,8.000,13.000
G.HillLegendary4,G.Hill,Legendary,4,68,74,62,56,50,310,9,20,34,5.000.000,8.300.000,12.000,25.000
G.HillLegendary5,G.Hill,Legendary,5,74,80,68,62,56,340,9,50,84,10.000.000,18.300.000,17.000,42.000
G.HillLegendary6,G.Hill,Legendary,6,80,86,74,68,62,370,9,100,184,32.000.000,50.300.000,23.000,65.000
G.HillLegendary7,G.Hill,Legendary,7,86,92,80,74,68,400,9,200,384,43.000.000,93.300.000,30.000,95.000
StewartLegendary1,Stewart,Legendary,1,58,55,55,61,64,293,12,0,0,0,0,0,0
StewartLegendary2,Stewart,Legendary,2,64,60,61,67,70,322,12,4,4,30.000.000,30.000.000,10.000,10.000
StewartLegendary3,Stewart,Legendary,3,70,66,67,73,76,352,12,10,14,60.000.000,90.000.000,20.000,30.000
StewartLegendary4,Stewart,Legendary,4,76,71,73,79,82,381,12,20,34,90.000.000,180.000.000,30.000,60.000
StewartLegendary5,Stewart,Legendary,5,82,77,79,85,88,411,12,50,84,110.000.000,290.000.000,40.000,100.000
StewartLegendary6,Stewart,Legendary,6,88,82,85,91,94,440,12,100,184,150.000.000,440.000.000,55.000,155.000
StewartLegendary7,Stewart,Legendary,7,93,87,90,96,99,465,12,200,384,170.000.000,610.000.000,75.000,230.000
ProstLegendary1,Prost,Legendary,1,55,58,64,55,61,293,12,0,0,0,0,0,0
ProstLegendary2,Prost,Legendary,2,60,64,70,61,67,322,12,4,4,30.000.000,30.000.000,10.000,10.000
ProstLegendary3,Prost,Legendary,3,66,70,76,67,73,352,12,10,14,60.000.000,90.000.000,20.000,30.000
ProstLegendary4,Prost,Legendary,4,71,76,82,73,79,381,12,20,34,90.000.000,180.000.000,30.000,60.000
ProstLegendary5,Prost,Legendary,5,77,82,88,79,85,411,12,50,84,110.000.000,290.000.000,40.000,100.000
ProstLegendary6,Prost,Legendary,6,82,88,94,85,91,440,12,100,184,150.000.000,440.000.000,55.000,155.000
ProstLegendary7,Prost,Legendary,7,87,93,99,90,96,465,12,200,384,170.000.000,610.000.000,75.000,230.000
SchumacherLegendary1,Schumacher,Legendary,1,55,64,55,61,58,293,12,0,0,0,0,0,0
SchumacherLegendary2,Schumacher,Legendary,2,60,70,61,67,64,322,12,4,4,30.000.000,30.000.000,10.000,10.000
SchumacherLegendary3,Schumacher,Legendary,3,66,76,67,73,70,352,12,10,14,60.000.000,90.000.000,20.000,30.000
SchumacherLegendary4,Schumacher,Legendary,4,71,82,73,79,76,381,12,20,34,90.000.000,180.000.000,30.000,60.000
SchumacherLegendary5,Schumacher,Legendary,5,77,88,79,85,82,411,12,50,84,110.000.000,290.000.000,40.000,100.000
SchumacherLegendary6,Schumacher,Legendary,6,82,94,85,91,88,440,12,100,184,150.000.000,440.000.000,55.000,155.000
SchumacherLegendary7,Schumacher,Legendary,7,87,99,90,96,93,465,12,200,384,170.000.000,610.000.000,75.000,230.000
SennaLegendary1,Senna,Legendary,1,68,62,65,59,59,313,12,0,0,0,0,0,0
SennaLegendary2,Senna,Legendary,2,73,68,71,66,66,344,12,4,4,30.000.000,30.000.000,10.000,10.000
SennaLegendary3,Senna,Legendary,3,79,75,77,73,73,377,12,10,14,60.000.000,90.000.000,20.000,30.000
SennaLegendary4,Senna,Legendary,4,84,81,82,79,79,405,12,20,34,90.000.000,180.000.000,30.000,60.000
SennaLegendary5,Senna,Legendary,5,89,87,88,86,86,436,12,50,84,110.000.000,290.000.000,40.000,100.000
SennaLegendary6,Senna,Legendary,6,94,93,93,92,92,464,12,100,184,150.000.000,440.000.000,55.000,155.000
SennaLegendary7,Senna,Legendary,7,99,99,99,99,99,495,12,200,384,170.000.000,610.000.000,75.000,230.000
HuntLegendary1,Hunt,Legendary,1,43,25,19,31,37,155,6,0,0,0,0,0,0
HuntLegendary2,Hunt,Legendary,2,49,31,25,37,43,185,6,4,4,250.000,250.000,2.000,2.000
HuntLegendary3,Hunt,Legendary,3,55,37,31,43,49,215,6,10,14,500.000,750.000,3.000,5.000
HuntLegendary4,Hunt,Legendary,4,61,43,37,49,55,245,6,20,34,700.000,1.450.000,4.500,9.500
HuntLegendary5,Hunt,Legendary,5,67,49,43,55,61,275,6,50,84,1.000.000,2.450.000,6.000,15.500
HuntLegendary6,Hunt,Legendary,6,73,55,49,61,67,305,6,100,184,1.800.000,4.250.000,8.000,23.500
HuntLegendary7,Hunt,Legendary,7,79,61,55,67,73,335,6,200,384,5.500.000,9.750.000,10.000,33.500
LaudaLegendary1,Lauda,Legendary,1,61,55,55,64,58,293,12,0,0,0,0,0,0
LaudaLegendary2,Lauda,Legendary,2,67,61,60,70,64,322,12,4,4,30.000.000,30.000.000,10.000,10.000
LaudaLegendary3,Lauda,Legendary,3,73,67,66,76,70,352,12,10,14,60.000.000,90.000.000,20.000,30.000
LaudaLegendary4,Lauda,Legendary,4,79,73,71,82,76,381,12,20,34,90.000.000,180.000.000,30.000,60.000
LaudaLegendary5,Lauda,Legendary,5,85,79,77,88,82,411,12,50,84,110.000.000,290.000.000,40.000,100.000
LaudaLegendary6,Lauda,Legendary,6,91,85,82,94,88,440,12,100,184,150.000.000,440.000.000,55.000,155.000
LaudaLegendary7,Lauda,Legendary,7,96,90,87,99,93,465,12,200,384,170.000.000,610.000.000,75.000,230.000
,,,,,,,,,,,,,,,,
,Colapinto,Magnussen,,,Colapinto,Magnussen,,,Colapinto,Magnussen,,,Colapinto,Magnussen,,
,Common,Common,,,Common,Common,,,Common,Common,,,Common,Common,,
,1,1,,,1,1,,,1,1,,,1,1,,
Overtaking,5,2,,,5,2,,,5,2,,,5,2,,
Defending,2,5,,,2,5,,,2,5,,,2,5,,
Qualifying,6,3,,,6,3,,,6,3,,,6,3,,
Tyre Mgmt,3,4,,,3,4,,,3,4,,,3,4,,
Race Start,4,6,,,4,6,,,4,6,,,4,6,,
Total,20,20,,,20,20,,,20,20,,,20,20,,
Base Total,20,20,,,20,20,,,20,20,,,20,20,,